{"cartesian_position": [0.36333292722702026, -0.00010406562068965286, 0.4834282398223877, -3.1173867321090043, -0.003913891347035348, 0.01786390647393173], "joint_position": [0.012069011107087135, -0.614529013633728, -0.014816788956522942, -2.5210814476013184, 0.016680127009749413, 1.9100397825241089, -0.023487210273742676], "gripper_position": [0.0]}