{"cartesian_position": [0.36228668689727783, 0.0002614191034808755, 0.4831290543079376, 3.1216722522184024, -0.003266968368888623, 0.027716845400459492], "joint_position": [0.007329821120947599, -0.6180298924446106, -0.0020810123533010483, -2.524395227432251, -0.022321214899420738, 1.90999436378479, -0.014663740061223507], "gripper_position": [0.0]}