{"cartesian_position": [0.3795569837093353, 0.022925514727830887, 0.4662435054779053, 3.104619606361085, -0.030149828129445666, 0.0589019586490494], "joint_position": [0.03849964216351509, -0.5556831955909729, 0.02511175163090229, -2.5286972522735596, -0.026169393211603165, 2.0031282901763916, 0.012298299930989742], "gripper_position": [0.07488990452475508]}