{"cartesian_position": [0.3646889328956604, -0.002307899296283722, 0.4823903739452362, 3.114147678575583, -0.0005668647152683448, 0.021932703875063818], "joint_position": [-0.015605786815285683, -0.6086739301681519, 0.012761279009282589, -2.519134521484375, -0.021352261304855347, 1.9117363691329956, -0.01992889493703842], "gripper_position": [0.0]}