{"cartesian_position": [0.35823681950569153, -9.095486893784255e-05, 0.4814096987247467, 3.1193341696748837, -0.0027655371542010254, 0.011720009546354998], "joint_position": [0.009349845349788666, -0.6310009956359863, -0.0041506122797727585, -2.5376715660095215, -0.02617819793522358, 1.9094603061676025, 0.002968869172036648], "gripper_position": [0.0]}