{"cartesian_position": [0.36406809091567993, -2.4493316232110374e-05, 0.4833582937717438, -3.1171181912926045, -0.0034241882963919057, 0.01978930553180853], "joint_position": [0.012707139365375042, -0.6118052005767822, -0.015218457207083702, -2.5192134380340576, 0.01675299182534218, 1.9103633165359497, -0.025152551010251045], "gripper_position": [0.0]}