{"cartesian_position": [0.3606908619403839, -7.908731640782207e-05, 0.4814273715019226, 3.1193164598745686, -0.0007566281358504234, 0.011715453507120685], "joint_position": [0.009352106600999832, -0.6218655705451965, -0.004152821842581034, -2.5308125019073486, -0.02618042193353176, 1.9097280502319336, 0.0029639292042702436], "gripper_position": [0.0]}