{"cartesian_position": [0.36357611417770386, -0.00011080568219767883, 0.48322412371635437, -3.1172595308625866, -0.0032382981942102873, 0.01846049779550827], "joint_position": [0.01224894355982542, -0.6133812665939331, -0.015009346418082714, -2.520637273788452, 0.016701165586709976, 1.9100526571273804, -0.024072961881756783], "gripper_position": [0.0]}